INSERT INTO plannedHours (id, dayofWeek, plannedHours) VALUES
(1, 1, '08:00:00'),
(2, 2, '08:00:00'),
(3, 3, '08:00:00'),
(4, 4, '08:00:00'),
(5, 5, '05:00:00');

INSERT INTO sites (id, name) VALUES
(1, 'Büro'),
(2, 'Home Office');

INSERT INTO worktype (id, name) VALUES
(1, 'Arbeit'),
(2, 'Urlaub'),
(3, 'Krank'),
(4, 'Feiertag');

INSERT INTO session (id, startedAt, stoppedAt, site, workType, createdAt) VALUES
(1, '2024-10-01 08:05:12+02:00', '2024-10-01 12:03:48+02:00', 1, 1, '2024-10-01 12:03:48+02:00'),
(2, '2024-10-01 12:32:17+02:00', '2024-10-01 16:47:03+02:00', 1, 1, '2024-10-01 16:47:03+02:00'),
(3, '2024-10-02 09:05:00+02:00', '2024-10-02 16:30:00+02:00', 1, 1, '2024-10-02 16:30:00+02:00'),
(4, '2024-10-03 08:00:00+02:00', '2024-10-03 16:30:00+02:00', 2, 4, '2024-10-03 16:30:00+02:00'),
(5, '2024-10-04 08:27:00+02:00', '2024-10-04 14:20:00+02:00', 1, 1, '2024-10-04 14:20:00+02:00'),
(6, '2024-10-07 08:10:00+02:00', '2024-10-07 13:31:00+02:00', 1, 1, '2024-10-07 13:31:00+02:00'),
(7, '2024-10-07 14:07:00+02:00', '2024-10-07 16:50:00+02:00', 1, 1, '2024-10-07 16:50:00+02:00'),
(8, '2024-10-08 08:05:00+02:00', '2024-10-08 12:37:00+02:00', 1, 1, '2024-10-08 12:37:00+02:00'),
(9, '2024-10-08 13:01:00+02:00', '2024-10-08 17:20:00+02:00', 1, 1, '2024-10-08 17:20:00+02:00'),
(10, '2024-10-09 08:15:00+02:00', '2024-10-09 12:01:00+02:00', 1, 1, '2024-10-09 12:01:00+02:00'),
(11, '2024-10-09 12:32:00+02:00', '2024-10-09 16:52:00+02:00', 1, 1, '2024-10-09 16:52:00+02:00'),
(12, '2024-10-10 08:38:00+02:00', '2024-10-10 12:22:00+02:00', 1, 1, '2024-10-10 12:22:00+02:00'),
(13, '2024-10-10 12:51:00+02:00', '2024-10-10 17:01:00+02:00', 1, 1, '2024-10-10 17:01:00+02:00'),
(14, '2024-10-11 07:57:00+02:00', '2024-10-11 13:16:00+02:00', 2, 1, '2024-10-11 13:16:00+02:00'),
(15, '2024-10-14 08:05:00+02:00', '2024-10-14 13:04:00+02:00', 1, 1, '2024-10-14 13:04:00+02:00'),
(16, '2024-10-14 13:29:00+02:00', '2024-10-14 17:51:00+02:00', 1, 1, '2024-10-14 17:51:00+02:00'),
(17, '2024-10-15 08:01:00+02:00', '2024-10-15 17:07:00+02:00', 1, 1, '2024-10-15 17:07:00+02:00'),
(18, '2024-10-16 08:21:00+02:00', '2024-10-16 17:56:00+02:00', 1, 1, '2024-10-16 17:56:00+02:00'),
(19, '2024-10-17 08:27:00+02:00', '2024-10-17 12:25:00+02:00', 1, 1, '2024-10-17 12:25:00+02:00'),
(20, '2024-10-17 12:45:00+02:00', '2024-10-17 17:43:00+02:00', 1, 1, '2024-10-17 17:43:00+02:00'),
(21, '2024-10-18 07:59:00+02:00', '2024-10-18 14:21:00+02:00', 1, 1, '2024-10-18 14:21:00+02:00');